"saturated colors",
"bokeh",
"poster",
"closeup",
"montage",
"silhouette",
"black and white",
"high contrast",
"soft focus",
"double exposure",
"long exposure",
"macro",
"panorama",
"tilt-shift",
"vignette",
"low key",
"high key",
"rule of thirds",
"leading lines",
"symmetry",
"asymmetry",
"flat lay",
"minimalism",
"selective color",
"negative space",
"motion blur",
"dutch angle",
"grid",
"diagonal composition",
"spotlight effect",
"depth of field",
"zoom burst",
"frame within a frame",
"split toning",
"color grading",
"vintage",
"grain/noise",
"texture overlay",
"reflections",
"shadows",
"lens flare",
"fish-eye",
"drone shot",
"monochromatic",
"burst of color",
"analog film look",
"cross-processing",
"sepia",
"infrastructure",
"geometric patterns",
"pop art",
"abstract",
"pointillism",
"faux infrared",
"composite",
"HDR (High Dynamic Range)",
"time-lapse",
"steel wool photography",
"light painting",
"golden hour",
"blue hour",
"sunrise/sunset",
"night photography",
"astrophotography",
"urban exploration",
"candid",
"wildlife",
"landscape",
"portrait",
"street photography",
"photojournalism",
"cubism",
"oil paint effect",
"watercolor effect",
"hand-coloring",
"toning",
"stippling effect",
"cinemagraph",
"3D render"
